timestamp,PREŠERNOV TRG-PETKOVŠKOVO NABREŽJE,POGAČARJEV TRG-TRŽNICA,KONGRESNI TRG-ŠUBIČEVA ULICA,CANKARJEVA UL.-NAMA,BREG,GRUDNOVO NABREŽJE-KARLOVŠKA C.,MIKLOŠIČEV PARK,BAVARSKI DVOR,TRG OF-KOLODVORSKA UL.,MASARYKOVA DDC,VILHARJEVA CESTA,PARK NAVJE-ŽELEZNA CESTA,TRG MDB,PARKIRIŠČE NUK 2-FF,AMBROŽEV TRG,GH ŠENTPETER-NJEGOŠEVA C.,ILIRSKA ULICA,TRŽAŠKA C.-ILIRIJA,TIVOLI,STARA CERKEV,KINO ŠIŠKA,ŠPICA,BARJANSKA C.-CENTER STAREJŠIH TRNOVO,ZALOŠKA C.-GRABLOVIČEVA C.,TRŽNICA MOSTE,ROŽNA DOLINA-ŠKRABČEVA UL.,DUNAJSKA C.-PS PETROL,PLEČNIKOV STADION,DUNAJSKA C.-PS MERCATOR,LIDL - VOJKOVA CESTA,ŠPORTNI CENTER STOŽICE,KOPRSKA ULICA,MERCATOR CENTER ŠIŠKA,CITYPARK,BTC CITY/DVORANA A,BTC CITY ATLANTIS,TRNOVO,P+R BARJE,P + R DOLGI MOST,BONIFACIJA,ANTONOV TRG,BRATOVŠEVA PLOŠČAD,BS4-STOŽICE,SAVSKO NASELJE 2-LINHARTOVA CESTA,SAVSKO NASELJE 1-ŠMARTINSKA CESTA,SITULA,ŠTEPANJSKO NASELJE 1-JAKČEVA ULICA,HOFER-KAJUHOVA,BRODARJEV TRG,PREGLOV TRG,LIDL-LITIJSKA CESTA,ŽIVALSKI VRT,CESTA NA ROŽNIK,ŠMARTINSKI PARK,POLJANSKA-POTOČNIKOVA,SREDNJA FRIZERSKA ŠOLA,POVŠETOVA-GRABLOVIČEVA,TRŽNICA KOSEZE,LIDL BEŽIGRAD,MERCATOR MARKET - CELOVŠKA C. 163,RAKOVNIK,ALEJA - CELOVŠKA CESTA,IKEA,KOPALIŠČE KOLEZIJA,VIŠKO POLJE,KOSEŠKI BAJER,DRAVLJE,ČRNUČE,STUDENEC,POLJE,ZALOG,LIDL - RUDNIK,PRUŠNIKOVA,POVŠETOVA - KAJUHOVA,SOSESKA NOVO BRDO,TEHNOLOŠKI PARK,VOJKOVA - GASILSKA BRIGADA,GERBIČEVA - ŠPORTNI PARK SVOBODA,DOLENJSKA C. - STRELIŠČE,ROŠKA - STRELIŠKA,LEK - VEROVŠKOVA,VOKA - SLOVENČEVA,SUPERNOVA LJUBLJANA - RUDNIK
2022-08-04 23:24:00,6.018953726293477,8.00848885140087,0.5525849512875096,1.3695859873075724,0.0,6.899989542483003,4.660024069931357,1.4394143023349653,0.9765951714641901,0.8782789132581179,6.962266279737122,1.2384742619243019,1.7753741342931901,0.0,10.448573514911349,3.0568627525628367,5.724392587724824,3.929276651039221,8.752795418426778,13.667993194784977,14.764723723073342,7.858332801246268,4.968513640057595,4.707703610326765,9.269751835154658,14.180722335722553,0.6322037592125012,3.5913034555980086,10.090705092277467,15.3193518696465,20.845670625206694,1.9336618549839961,3.504197059457308,0.0,0.0,10.23375333073816,4.743213158602536,11.791788927685177,10.457763623550829,6.632778862071648,12.215835388945717,18.49445490189462,7.498833109712349,11.945773134818431,10.600819064098069,4.872873697616957,18.262006829891494,14.527288381748459,13.801304544784289,19.302868335651375,15.751191719168585,6.637799449067146,9.806079459970018,3.705209532771268,9.763116656713589,7.3003531263526655,8.130062611492624,4.4975078902666965,2.2957692904228617,12.68610277969223,14.118919178583539,1.0395870351964636,0.35635199461344746,0.621245869305084,3.5537055494374155,11.145696974441135,1.4748317940513473,9.355919661980277,13.873834265392004,10.127535901883856,11.884599030457284,4.047191748303446,7.099791627115614,5.363461513056976,2.6260842109469484,1.9718465794950033,2.6796323564658135,4.717985627560193,1.4897097541323312,4.568389526860188,0.2140144494834506,4.100465358328179,8.279576426995572
2022-08-05 00:24:00,3.0909770603252724,7.70498274082874,1.4429499187575443,1.5848648060478108,0.0,2.6316595740419526,4.035537591480281,1.1615350505987951,1.4737280465622113,3.1562556717659582,6.313495882837541,1.492751160609167,2.1594334962555792,0.0,7.481218179275714,2.925747848472941,3.7454362980270695,7.303811612195173,6.227790992243866,12.907575551698523,14.629252582391493,8.836342299122666,4.335695716928271,6.472733696850078,10.60205357188729,12.326023927596797,2.029529727314142,4.405650888378839,10.625599080247923,15.970422638528488,21.654977982519576,2.021192765415159,3.2504180270162433,0.0,0.0,9.443496152293356,6.903820977729742,12.148839539537633,10.12443700742556,7.38073557117804,12.633308348442458,18.317961185365483,7.845865046991529,11.560114516397244,11.023570496453335,4.068545617060706,17.936354928602753,13.597533357213273,14.614883967860845,18.653307905950978,16.183145389609578,6.629980323729767,9.582410972747251,4.48621194629277,9.549522397288355,7.686441280725137,7.880721510415069,5.794327946012777,2.585957819484629,12.16938005776509,14.302499404537354,2.8093251077965897,0.2832940240362243,0.9804640449320323,3.9857219982458916,11.073227281535656,2.033806614318877,10.107568013950804,14.282350476876777,9.819685847465536,11.763967062384207,4.052720751953542,8.69412525734893,6.229766572027282,2.8874733323826636,2.9239563148951335,3.280550996231789,7.430999555525755,1.4547033067012913,4.2004409480798435,1.697520929508273,5.304004216704831,7.340136419890279
2022-08-08 04:58:00,0.38939028026828204,0.0,0.0,0.0,0.0,0.04605819232996744,0.0,0.0,1.7180831088714044,0.0,0.7551314977161674,0.6921257820717193,0.0,0.0,3.736033122910394,2.089426829672896,0.48137413146320807,18.493622431976235,2.1784729441243194,2.469802367252438,18.55599612022577,12.991286277394616,16.672780637321182,8.626846652272388,17.46725246124651,9.777729122106008,0.8466469803646992,13.364704545269277,16.12815392558983,16.925410880273258,12.643688742513199,3.7044380745772774,10.750827247067974,4.089783526125612,2.6364309668093107,0.0,7.98080846734068,6.538610825977176,13.62657969160585,7.444217931179497,3.101023900212944,7.447661136529098,15.05019668557988,7.802249295788691,2.6168414334227768,0.949940314227308,16.603932522687913,4.996793130660869,17.55117492793459,3.5883414672759937,15.022190073055558,0.1418093695557081,15.706400138180678,4.538837903599086,6.6930316917477235,0.40638259832893553,14.889524126241959,15.165927943961353,2.322900230260662,18.57571213648154,11.020756895403899,4.069199676612329,4.663965819218898,5.475273556684332,5.618768809564033,2.9177221910063,2.2649683346366007,14.934469179588216,20.0,10.990563152506326,15.71451507254723,1.0649387677424977,8.58862346849785,10.81960637030216,13.258125516017666,5.014235603085353,7.859047044086509,19.631147706315602,6.159367263103865,6.076701812561072,1.6331055298163357,8.784383562072964,0.5035935812088317
2022-08-08 05:58:00,0.7233155943598408,0.37578139925655485,0.0,0.6455958591546187,0.0,0.1489070184210286,0.192211270806943,0.0,2.423684263898579,0.004076642811984499,0.40219275670568955,0.5204799623536429,0.0,0.0,3.8550364460799518,3.1219541540831877,0.47472306853169677,16.126640099459905,2.2747873750914973,2.871646778082704,16.82876094792252,12.135313848648433,15.193684178447938,8.868098501615183,17.47628292278746,9.198594562755805,2.1029853931611524,11.698851325543368,15.17185519594721,15.560746463764664,12.905603761637607,3.4180425127653606,10.045794063696151,3.889008423528857,2.6677328178454074,0.0,7.635146660161059,6.6136779575602755,13.442941522841643,7.366770162426223,3.53713040499687,7.4257798359723495,14.951426769803817,7.978181673515751,2.523579440245136,0.7131250435137915,15.641431949251265,5.566626822017035,17.17874438472065,3.579153728796264,14.348521591463788,0.0,15.3865319812827,4.847761694203774,6.671943133569062,0.5914381251799892,13.69000281651745,13.98181791179612,2.360579748654623,17.262788821057423,10.74550063229993,4.0788305486733565,4.500599326147609,5.296245612729046,6.047848532934813,3.2721133819362347,2.4404394830234857,13.942692518102476,20.0,10.936579214700107,15.405089817807808,1.118538802314959,7.983184753062904,11.204854907396678,13.044547573369359,5.0515567155481955,7.4570102089759285,19.439070658139713,5.963406838975035,5.857377750317434,2.0146034061761835,9.057353230645106,0.8480361564140848
2022-08-11 21:13:00,4.962051076287615,4.641841696760023,4.025605189667831,10.228259863704917,16.99901972594416,7.865869500793019,2.1929266632223947,3.5051153286730807,1.7542249092094373,3.011308054002086,1.6504675696311644,0.18044967603725315,6.661075653872153,2.5840293814452178,7.115366223049703,1.928906834722551,6.5838846163681275,12.480068524740204,4.800758911547677,8.391987601561961,4.468243835730609,11.65148165893954,3.76076060896626,1.1844408727526545,7.378585052924589,10.511325853137285,1.84302302272124,0.41636427495237527,2.8331487067150887,14.79529890336336,11.41204072493689,3.980485209214191,5.144511888891241,0.0,3.9849992453457874,1.6021617918086424,4.136332010491463,10.729400842596823,8.480766938623464,4.891891139530477,9.956747313942087,7.461031413174874,17.327455320703965,6.736832658355661,7.048995295234026,7.816673407748219,17.14052794320439,8.28445985577449,7.5995678230303,8.468306963150082,11.355488935903203,1.906113010475681,7.022283880624635,2.335470900296304,1.8917975340648772,9.128262324702808,7.459869353310482,4.802533955656177,3.1585004055162704,5.676486511332863,10.486514280490594,2.5013424651674585,1.0856097844433215,3.5841462697923117,10.548732428289686,7.546592793434617,1.8700055310124757,7.422407590503721,10.989135300649643,6.145686535510945,8.263530613733446,0.9261418058294213,3.9284312886073787,14.681899912227628,11.816544610477578,1.3992543462867975,2.4412340932823144,7.584299382519939,7.281885543158737,1.4182937780537905,6.695839822413985,3.2843143464876245,4.2383091766020415
2022-08-11 22:13:00,2.2461767705101696,3.7024898021481936,1.8070522844586563,5.902621735590831,13.350705988892322,5.8746964700517434,2.5703109776885036,2.893739356063671,1.5349506230218068,3.3533568923809796,2.0430345543385577,0.7048301413796842,6.261644108187386,1.9293314896908527,6.913543450783392,2.568002018323707,6.439985679227682,11.834471055826402,4.153811458809425,8.693482636927488,6.3584330948928525,11.504151707928253,6.546223228680532,2.69660917640803,8.629554980024619,11.497530254634297,2.050934604637615,1.5612947249606541,5.574543266080033,15.065417109972596,9.855824314284224,3.9330552646037455,5.470832689078491,0.0,3.793516129798342,1.5836007800752938,5.543311000717715,10.186721486147455,8.82361408899558,5.1458282313345265,10.65790852227742,8.430877052335529,17.051592371876296,8.530904289613819,7.358971768654789,7.3937084934046515,17.002928044279304,8.642823316270348,8.640629750792874,9.923547369074976,11.744906569608013,1.995244965042139,7.798241637538429,2.2730510387186698,3.3238408714391907,9.09894418095166,8.213226573020526,5.920683812120879,3.285201690343624,7.578217336819491,11.178980542335218,2.5715835472718664,1.8008609784823202,3.882699083551807,11.065791740036026,7.4341269973483595,2.148167216539548,7.877390070775928,11.807740549025324,6.2031097194833755,8.508674086874658,1.0786219279778635,4.610331625823393,15.029583655204434,11.703330716804373,1.7246906809645381,3.6527732515367157,8.738490695638587,7.659726010664121,1.9100402919440658,6.203950735900824,4.353463357265288,4.043287292146321
2022-08-16 07:10:00,3.651304082922664,3.2671361893641064,6.9151478420372845,8.048528309930592,1.2680712720285916,0.9328200807610108,4.162020593383668,5.315766022935358,1.1182442452890662,1.0084794840577658,2.703161205877924,0.7060974854331574,5.758474554045831,4.470708545955803,6.360960969629128,7.78498865348221,1.3847502163231318,9.95197983503239,0.0,0.0,7.841511116354243,5.369880102587663,2.7014464286535897,9.43391794735599,11.555134330064616,2.576663031443691,9.834964483633488,5.975235878869891,8.1854967046356,13.044355473184492,13.781325352949082,5.3122213184612175,1.8519956800480788,10.477332936292912,2.3035495869378337,3.8456356587908562,7.91647011271071,10.31668100386077,4.751505281914034,6.874240676872139,10.67187481665996,6.571357540971391,15.795949693575249,0.0,5.9965594715273856,1.7011986334543403,0.0,6.124565194585334,7.929939906927111,8.882818877378174,1.0605604274331766,0.5532551641358388,5.845509046174531,9.424538377552313,7.562179651903715,12.970190536524736,2.6933560806748114,7.3498710652299035,4.29347550324832,13.072066239414479,5.4483226041485135,8.15458703896109,7.429973429917374,4.344503527459523,4.787142649792261,19.419067375523312,2.4619497905449066,3.708360413803554,13.26494618384721,8.0063640380474,7.525872743664872,5.871829615010856,8.428445499994755,11.71813645316592,7.356659789077849,8.89183752045409,11.158098634892639,16.75497646470178,0.0,12.328602963987604,4.683997226328342,4.638952292154319,5.986572227009429
2022-08-16 08:10:00,7.134798853216058,6.447012373236898,10.52907187649043,11.343904631690586,3.5829042745213027,1.809551523742142,6.278408376791642,9.461114998953393,0.8246612295359235,1.992786401741533,2.7979560507458494,4.445314711446679,7.652686915543003,9.1966606010957,8.081943402867294,8.636722653159328,2.1958811346695826,9.808867484354764,0.8161965403554792,0.0,6.735344729663439,5.328754252597136,1.0475193923669224,8.202899585831863,8.289523522797012,1.6539080980454632,11.225629877618324,6.2979806510435346,6.672731804118503,8.856579158435066,11.983800001707515,6.169155706758209,1.9125440169608439,11.643689349580772,4.1409985653437715,6.239827485680891,5.652799809870245,9.833555255007365,3.9009146367387917,5.186102522830728,6.969190722468829,4.564058875092671,14.439027329598558,0.0,5.591861909264078,4.544799937266502,0.0,4.4189441627993915,6.250623995226157,8.374377029478133,0.029391647980798297,1.3140143813464418,4.707479340113604,9.553788885408672,4.449961539964104,12.497636139598743,0.8246019764318662,3.95200498774272,4.885813341921211,9.78492208387102,3.277229428513621,6.773111717805868,9.360505095687667,6.214921014161269,3.328154471508686,18.221087834499798,1.216015798172993,4.410431046543874,12.302444620140335,7.744981941603333,7.25577349184072,5.903227230633369,7.660013234815106,9.673993873669156,5.485475652102133,10.516688438750101,8.924200910947834,15.374414688825407,0.0,11.759946075697478,7.774561618811399,2.0286664400040504,6.3072809305364546
2022-08-18 17:30:00,3.281159064176226,1.4205662128087546,2.66305453857101,4.57764059239525,4.684027539967644,6.3502758179374235,6.572496423065396,1.7107408693896486,18.613837067480425,5.508130827812386,6.313446899646996,1.2591856916310022,1.8371981149545311,0.806258951677215,10.606197730666832,3.5691538011307253,5.909539691682863,0.7557158326797611,3.9025057535384517,7.2706245111924215,14.203568820248336,9.262558267648233,6.662524999330676,0.5984810442079436,7.837013157484068,12.043713260753734,0.6206367821658991,7.589019507412561,1.2467893840463145,11.20209479525601,6.360053956790102,3.5365419624899457,0.7301810694608708,3.5548119976514627,2.384255867622282,6.603486274410944,3.152246540238712,3.5519560843663722,8.623765880368136,0.9581536987875765,9.46221348385254,2.4349556526822465,6.194252554872615,9.565485200577232,6.519021371776698,6.760075726771013,10.71641852049024,10.3449313426798,15.704243809688744,16.617541817525467,4.18756616469067,0.9655382381953612,4.661288861997612,3.2234157463403434,3.7805309150557584,4.450336061911118,8.646798806590468,11.364283655883046,0.30405425313925205,6.212816490534105,4.694735096095192,3.9510821181664184,4.303361222096876,9.01498470901781,4.102077105979702,3.8673694656734225,10.97271930242823,8.300740527536927,13.127742179342327,8.233236969310274,12.798611511351218,4.935650384418524,9.811341660489317,8.514368557075565,7.866505716929959,5.702656544886027,1.1020017054222437,10.214738094107709,7.719226309904625,2.050486526267644,0.890137258444192,3.556530062067152,3.5662179574005037
2022-08-18 18:27:00,5.543132362929484,3.6871444039000973,3.994252387504111,8.041711264571997,4.918376929828546,6.224544223583893,5.498408542438845,3.022248218771212,16.88381061797742,5.786972379896272,5.96575804926194,2.0878118650890025,1.823004355167138,1.4621116292303995,8.86200458115957,4.0104984441792375,5.635671706287561,1.6043923933769966,4.502598634576305,6.906191803629352,11.11176285832593,8.372565100474091,7.555255929905773,0.7683796647730065,7.7051500496532555,10.52156441425196,1.1979070848281759,7.463843776088099,1.8266531108589825,10.728407520986558,5.937441729351772,3.3121809582496353,1.3280807513389812,3.9011757964880216,2.3166114387286774,6.056960614451917,3.9331400017735376,3.660057398345984,7.970904968660776,1.7611974665785528,9.528110980234926,3.068424161639655,6.493196921891524,7.762438000613228,6.775014217768079,7.240071141363661,11.425268268916017,10.248826723590835,14.409016952796502,16.19563098683737,5.210674271303515,1.0082137684037042,5.275955761092764,3.121859443821368,4.648881598626799,4.819085951889859,8.205951638010127,11.452630473261276,0.48957807380559526,5.2290943269524,5.764448686892507,4.317662678354717,4.143462806901842,6.476396176619434,4.670891839449727,4.452375608583624,9.657633765334152,7.564531162263814,12.785891034507612,8.218064163467597,12.79777915652453,4.897323087866723,9.062596040064408,8.967971727018659,7.954257256974834,5.117137025315835,1.6729567852112293,10.543605902790732,8.36588406188752,1.9642571322663098,1.5277729622533336,4.225711573755521,3.8986986807422817
2022-08-21 11:07:00,6.027470064800552,4.539749883459067,5.003334845113634,9.715132906725309,3.8106517297710125,1.6389482365938903,2.340760158410619,3.11829392872004,20.779421619798907,3.2732800893054943,0.5764225317485003,1.086697631416734,0.6087930665191426,2.377009490453325,2.599593986456414,2.3555327755220903,0.9411465934094307,12.896760826378369,1.4697262953276757,9.310368491217321,12.723713415153734,1.9030897971158538,12.863749504656543,1.836219215802244,4.8948289984025735,0.8210505188710293,0.7322306461526846,0.8766688027589113,0.0,16.646663791994197,11.35629342614113,3.5987069893366024,6.425226099312087,6.860106795098451,8.610163652778109,2.2328313078545214,0.942927362020479,7.065055329434742,9.877556152657435,6.0109378780292975,8.788847985981231,12.612975704000085,18.785361742074556,5.825227626901006,4.173914454488502,2.7959551084505705,14.23806354449369,3.958400059719594,15.500752735809122,18.352018128226447,8.419957065604033,1.3258325592788078,0.9101028062992178,14.848941568255176,3.790969136920199,4.2728616088230815,16.597964914627898,15.712412730612249,1.8165287782486619,4.966205089445134,6.98929391432847,2.464520729505436,2.798220288139263,1.9093076629067673,8.915710297957832,7.136394921426568,2.4734420515711637,14.025826414491613,5.2112285665898375,9.761389809638814,17.61476337195569,0.0,10.341822039023622,19.06312206847123,17.135111710069356,5.234707544135658,6.720822058416272,6.836531157955405,14.951392531002433,4.9915970431706835,3.044242541908078,10.823956235691075,1.4835284187685556
2022-08-21 12:07:00,8.507927312731237,6.355344563512031,7.948715322310883,11.961118506716542,4.9124494761294235,2.904502776468961,2.493310855238408,3.426906172552725,20.042195447131153,3.471084768721891,1.1020913067806397,2.0382245181128464,0.7029766403637696,3.197605262249546,3.431499566359536,2.939492864970692,2.4451683560314046,10.911013945031048,2.160139614079336,7.807721194822466,10.251161172247354,2.416003295601101,12.247200319989254,2.7009672770923756,5.712460749469384,0.6052725231213025,0.990303422717203,0.9774055653713747,0.5639898592066555,15.118457056882697,11.528790762480961,3.4093558498679277,6.58752624564451,7.668901351522184,8.63491042508796,2.7069332341687957,0.18795311028278938,6.857879595435962,9.462428696104354,5.418625349326019,8.068367994639193,10.964405493211412,18.65075806292701,4.636063899184478,4.31851976460079,3.343087384800061,12.93483044863613,3.935848654703989,14.033782898690161,17.178639226230935,7.591738023660955,1.1626979087285134,1.51704662164572,13.229722143912252,4.069037947437229,4.519344179951495,15.701392035388137,14.671184735910325,3.08613237078107,4.742033525617425,6.249687015938884,1.9776031272827979,3.131346528518584,1.834833589234833,8.360077867102824,7.070562501126314,2.5475546848413444,13.128788446869379,4.550052509471293,9.66452569756396,17.610812821516507,0.06261693088364506,9.574624540271081,18.016671737834713,16.093374016114858,5.135039352323411,6.74585789328998,7.683752208025439,13.852424264235287,4.833347433175295,3.503703885897398,9.838199182296247,1.8764403702621926
2022-08-24 15:09:00,12.937821133038282,12.996325413723614,14.735375581849937,16.23642696403603,15.307060154668273,4.8708684564917615,6.018683187364896,11.432972804137158,8.204533138200041,10.610788927388235,4.715282534132905,0.0,7.462994402574169,11.648775985252588,0.0,0.7752662064318372,0.3649161063544226,3.4500388581442163,2.6743451403002005,6.212196420241074,3.3306815445873337,5.273532146026666,6.558629248590691,0.35128508409346804,6.723229198530722,3.2510271576867975,0.9852790230722273,3.9383163000377936,0.5671026442454021,12.505204188858462,3.171694193634897,4.490913322005784,0.0,13.381646575727626,16.138679150037206,8.412900359349994,1.6207724104523336,6.333596904872266,7.644294361745128,1.2591942791451718,5.414648263133319,5.99948604338414,8.581884537473746,4.051879144713938,9.878547440562212,5.954271795545052,7.823991214178877,9.492864764199227,7.911866197354353,13.493631510905114,14.91164620827778,11.492934614198637,1.9397214407091345,1.477365653813802,3.6554515857240455,7.481833623079434,18.0,3.8586384135188574,4.705340784579181,3.677011343965547,7.102283695899233,10.375188409595872,5.583110778708713,3.9493691269044917,1.7420423247733536,3.896380227217654,0.5625147125294649,12.754147130939527,15.342868163883328,8.119886750796978,9.810394951620367,0.8159389748669641,2.466052086691125,4.957146296304266,0.6058875414922689,5.493707299916123,2.2618297469372695,14.960135278031856,6.880741298114352,3.7519705374023387,1.5375126794293297,1.522744329438905,3.4448326274874836
2022-08-24 16:09:00,8.81078985370726,9.090698644236713,10.317099772762045,11.615092861873462,13.907080566873379,5.25199287892565,4.016669387700823,8.924864381531828,6.407132138889327,7.9164194706116495,6.301845592572296,0.0,8.21957058060294,8.223180710888208,0.8654195774374589,1.6931452171481318,0.6925224156469523,2.9589153952443255,2.3002222580991134,6.848372175975963,5.240009948202321,5.365809098585295,7.8136283840530005,1.2501791058653304,8.594510441917627,5.104670922221757,1.4853048967765852,3.4132027607215667,1.3731955624598813,11.163820403612299,4.031254954066023,3.8551855536666464,0.0,11.293634934843489,14.385622586285773,7.569961521268713,2.1857698031491886,7.175187816845412,7.36037941161355,1.5073454906682304,5.261031519191976,6.887552975870813,9.184122556144315,4.335949175838133,9.639836396299248,5.971658014171622,10.539858824056578,9.98295034487662,8.016588667982102,15.036497542834356,14.89417877202516,11.0356922956156,2.4498260658089848,1.84641986677042,3.38209806347291,7.310280984496606,18.0,5.672730756101037,4.187686320764253,4.245050416542955,8.253949615753637,10.652920425618909,4.372358937434465,3.1325492215394495,2.959876844477389,4.915137689588062,1.2475565242319266,13.912616214289258,15.106073348478228,8.415218954718156,9.699134102594545,0.7063647055532889,2.9207657959903264,5.763751070086647,1.5676698176493336,2.7583092683410584,2.9783550749412844,15.127342111060338,8.210205153475,2.6586594310791627,0.5750169176018636,1.890691913478511,3.371145285723713
2022-08-29 03:05:00,0.11853357266031495,0.0,0.0,0.0,0.0,0.3717087049416108,0.0,0.0,1.0273725012377461,0.026169933970784598,1.4427212514768222,4.604699863268428,0.16790470152639436,0.30153915827309064,5.705924964908961,1.817409434053837,0.6688803780492671,18.421193972760577,0.0,7.265930791034243,8.791646280515778,10.142429859074523,18.78413847562207,11.284315232637617,20.55219663315196,6.804237542189161,2.84657095403547,12.88299795489149,12.440551229314199,3.451224959113228,1.9826720364706958,2.601170647075928,7.68982242880212,1.6879743968952132,4.3655927821236284,12.842997950287348,16.75328377063526,10.9704350610356,9.190137254077124,7.030178820597913,6.074639562314886,16.467925589668063,1.2379903042196894,10.877327270033174,11.257333447132666,4.373194526070085,18.06808626400489,11.59497931005406,11.982701666103583,18.914425707587526,17.591057452865915,6.620518560183925,3.4724681998088704,8.163203378128921,4.212152396857423,10.780665308833868,18.0,12.834222432993394,14.62989646113066,15.907776977896336,3.650556667040739,8.2207284325871,2.299505769392338,5.618009252623549,6.351945592587322,11.173655854873871,5.342632690704513,6.13474935774518,11.632593196273348,16.548802250737907,9.169974019638417,3.059937551362427,9.972552772075165,19.751241338897106,7.526967156789599,1.2236879001514573,11.890453867398062,20.0,7.743626419635074,11.837435719728216,1.50683594856137,8.566210253090059,5.064395874751348
2022-08-29 04:01:00,0.11257891808534382,0.32376653268947564,0.0,0.0,0.0,0.3796556504575195,0.0,0.0,2.174741387004186,0.4221211880761686,0.8824947225362134,4.307991084874489,0.07762067814538254,0.0,5.2829256483870015,2.1467463986698014,1.1486000338973383,16.94337789955526,0.0,7.16412773483343,9.787865363165242,9.37340662770874,17.430037831829704,11.833418460867572,20.284927239939666,7.756590288984764,3.6712520231495014,12.03077637654403,12.51903981621668,5.892461930504709,3.62172272672378,2.439629282784017,7.542229677386053,1.0889116510605543,3.491356824919353,11.821839853650493,15.679035472959391,10.678059751133853,9.649342863028751,7.616408769058786,6.883563095085211,16.57638879804903,1.4943988404619013,10.61975317356784,10.85164689509718,3.9399189594590247,18.420121936234622,12.017500791571912,12.167253090635691,18.806577073686817,17.67949843114848,6.071859667275102,4.47295044212149,7.714265166625003,5.381622979252837,10.62731599510718,17.551062427522176,12.261065030876985,13.4957101803817,16.494186604859973,4.263999032074107,8.394437168113244,2.1827338049556326,5.8071155164765,6.512025667935749,11.10521141258148,5.564300706790563,5.6790943131761935,12.3551837653625,16.14413443801417,9.127003487054575,3.192327933307679,9.699896823474472,19.74881402141927,8.014249313883447,1.3718467813720874,11.53432856459094,20.0,8.30333379069123,11.418656697788787,1.2897456289642015,9.179606207629497,5.179915027600634
2022-08-31 06:37:00,1.2818051549829583,1.004812083294802,1.631117653303666,3.463374519622752,0.38717552247726505,0.15755998581109942,1.3635852989062962,2.2405121306894555,2.8505840677482546,1.044642625524748,9.030913426194616,8.479414338701392,1.2076982322513459,1.375324290830143,2.2259175386565104,5.47550883565786,0.7693742846497051,8.75192206798948,0.3409759314347163,1.8425008364316744,14.955512167681032,14.22866196330444,13.691702098688486,7.071741141705999,6.971298904385945,10.671003112830805,6.667312032049356,16.00137802838296,13.315622547433467,4.623240858566808,1.4173439733682116,0.1320818742248271,2.6196453740587273,11.304510156886854,9.6633832186271,1.2013247590625777,11.158552335664911,8.460995395370748,10.770636083914628,8.090040844328787,10.60293810824338,13.950807373164258,7.56168658993734,11.349767726720371,5.068771851283051,9.60444967256481,17.64652324659118,15.885949090084008,7.1972958711487784,18.174175567549515,15.082261522096314,0.9020787878963801,7.9526199943036096,4.844312153615608,6.390552388864279,2.528138186024142,6.642967682128559,15.280155856507108,3.391315541404902,7.303417220592628,12.541726575855153,14.079461158093427,0.6911987762424747,2.4170647052083134,7.985545214120297,1.5125446509782385,6.087572782234374,9.975599729230536,12.882367327131403,8.243438130892459,9.42809777443243,0.0701625189081918,9.982186593377397,18.033214557203674,13.052995935172582,2.0885153381426114,13.94145429718477,14.672573481949634,11.169061254143157,2.3342394499151835,1.8083360563594817,4.56546345474295,2.1660776200799035
2022-08-31 07:34:00,4.320083780111922,4.710026849066352,5.969862404960842,9.172579615218591,1.2859959871845401,0.4995214556092584,4.967420483171042,5.726135368056044,2.849837005732283,1.2156495896397033,7.217995261518331,7.896913923827228,3.845303038873722,5.1385040568964016,4.533914957357759,9.686435016390863,2.146850024077811,7.313623472692063,0.3360719479845944,0.0,9.752833709016633,11.575131025335299,9.677925479872695,6.69756265700625,5.780657096389863,7.141226956821303,8.20368333244593,15.602931097380004,10.756783783081918,3.7034776720899547,0.0,0.7600656173581917,3.3100586304565205,10.843991213683072,10.496038360555461,3.17570861536376,9.29219875139367,7.6701540041979674,9.092583242869459,6.468162145129866,6.412613874442243,12.345829581466369,6.57650015699808,7.402411786979089,3.782328796736202,8.614719001989116,14.030499130947106,13.762595786460741,5.877714063143484,16.210972044685267,13.69921143551807,2.300978365300792,6.917291765225289,4.913561320446117,2.628379232407016,2.278783120339889,5.931567984437934,11.657384806160781,3.4132435023860905,4.132663813986828,10.457912976412395,11.892882209327805,2.2072605370101117,4.532726893421046,6.667210830890675,1.8235816300312013,4.4014520086487465,9.917418765613085,12.392126846253163,8.129693829222491,9.034037032150543,0.0,9.34582274929665,15.283062821588604,10.837479073953824,3.1020486880481957,13.381852040053161,12.979762851193348,8.933782546653346,1.8671942826889563,4.250644214184328,4.126635821477809,2.5846684165899516
2022-09-03 15:48:00,11.880011602887715,2.257224122625942,10.01974835482828,12.211629271870883,3.003640439574396,1.4528567488757123,7.759497225472913,2.1710539943277274,17.299426298036217,4.6893523513287505,3.4535686116882447,5.072163059510723,0.2557289415414292,0.44825600002815946,0.7664331334771817,3.16540084454292,1.161325313477107,3.5706400945317687,3.9077305663278636,2.9197391743939836,7.6316095304859415,2.5105965237419845,1.7906749416865555,2.7100298403659027,15.878540756628299,4.317447798871455,6.647605171559961,3.0120909012101027,1.4104005865288933,3.486421683531363,8.54879411990294,2.9065788900700698,7.823370184897886,16.9361990567066,16.51379439914992,19.5068522499789,0.7710312563834556,16.421289223835075,11.266257570668696,8.569222008198118,7.732963681962005,10.45487474766891,12.155372905750328,2.576376583869761,5.021906339458894,7.287497746806329,2.2260066878990123,16.93882961797059,17.46789873874186,14.590381781083728,17.404010513652036,0.4793614700994713,0.4078413378101349,5.040039583924772,3.293882855331284,2.4331898539612427,0.5139596744022326,1.570664718769434,6.978817667252827,2.712014282027563,7.296040107660176,7.329519267680996,11.620605605221034,0.0,12.389257642790149,11.171393028606746,8.296081813346618,7.288564615738444,9.232155393493835,8.39177659670499,9.710050012182318,16.041665232968477,11.341366182104991,6.644790291027789,7.327095733877842,7.248812403005124,2.4768265175923654,2.3363026251794823,3.4969504159443217,7.607257940844991,9.455557972466629,8.793785741363367,3.4807523795847493
2022-09-03 16:42:00,9.414398110353538,2.59715158039904,8.565124507223196,9.713550557235049,4.156998480478995,2.69023374688774,5.473886305796583,3.3349704083866545,13.981957317651679,3.6588178117883334,3.941851237308926,4.99345355410502,1.2514685854118293,0.08645696032800387,1.2738259933596146,4.020062546883217,2.270725495223611,3.4413618344447396,3.0835818230353773,4.004234358941,10.039502184719392,2.447107192730618,2.177033902596264,3.1162831476332196,16.62979720170876,5.627535718018916,6.093887053981003,1.6806358756067357,1.9065545970023914,5.478190320473461,10.092445719000008,2.6185317979128038,7.552759940948607,14.196613470752373,14.777049255260694,18.682702430754688,1.1644926802293432,16.324227307886293,10.692528855905957,8.266845506990517,7.804666557714675,10.642829831779112,12.892502569909619,3.470279250876933,4.800786792629445,6.807846941601487,4.110249137258077,16.97433531035597,17.391058468102408,14.929712526767656,17.407797654364266,0.6595123558611107,1.8486307643356619,5.599896249673913,3.5475348019734954,3.047015333959055,1.4155081929341549,3.361697563620666,6.447324288858181,4.746562355991166,7.57355807353807,8.414744291416804,9.456660573661054,0.0,12.429391576863557,11.364595414336844,8.40823344953399,8.32306147137329,9.328276171992034,8.987729103276287,9.555075464697346,16.114356412306922,10.507136255207147,6.588379810469962,8.174274816879255,6.3147120316955965,2.2220909249903573,3.1409062384923008,4.265925690289718,7.111693115065183,8.052124782789413,8.294258030381325,3.402230969678685
2022-09-05 18:34:00,4.565355639434385,0.524199708772938,0.9541940628957153,7.301433776911169,0.6108253659474983,3.5966579278715303,2.3550196915926147,6.063259959182225,3.7059615439741442,4.437933273384479,6.643135000394185,1.139242840954822,1.7332440087147827,1.747370332800589,1.6007846471674074,5.51382911825231,1.6483395952749107,1.6212796732618222,11.59808093353443,3.9417572317962186,7.193477793513041,6.156785286612255,13.209273072554012,0.6714177592319013,4.9166172653573454,12.146458041240223,0.9783936641252262,8.010303558817274,5.545473616068305,5.417802034481298,17.172144116666594,3.5624178266383204,10.638966784174466,12.21232567643002,11.372641209868053,7.613840217334385,0.8805647012011861,14.963608564872693,12.657696287574556,3.640198075210847,9.662782614446805,7.369798255157635,7.393139046341524,8.682387094342737,2.913481553272316,9.128179347519147,10.98096093054453,18.072980657761576,5.066116887255733,12.27215618176493,13.480307630989477,3.5186753271497464,10.24456646094647,6.9714496579613385,7.843201368641634,1.103100275300684,6.980482319987589,14.222653868581933,0.9896399063881285,3.1938784842038714,6.7103326537162085,3.205778952108162,8.876293361290003,0.0,2.9967982487665994,8.377412705962332,1.4364730988222778,5.110676670772534,10.790911695872547,10.231596948904734,10.267937969151449,3.9359740516705504,2.3110769767317674,3.1568862138958966,11.044231301781776,8.072217993256215,5.47807543974819,7.250385567675199,12.021293734843734,2.8738608759317303,5.5306760736805085,8.693437389061318,1.9010038789009984
2022-09-05 19:35:00,7.00341465891718,1.9715202636469273,1.9480628874348733,8.896789462455796,1.503069570108842,4.062229917085592,2.221617454551349,5.096056536855871,5.480741714573249,5.474576483598499,5.072826592656386,1.5634135982391424,3.3629941118263806,2.2416291355194033,3.6954257023464194,4.5808508363558325,2.255174313548495,2.7727216049623227,10.291792498780712,4.6652550494676115,10.647513901462137,5.6388470819834895,13.001666925466026,1.1041895362015859,6.657405516820491,9.763924679497425,1.8049741690522194,7.877391579743259,5.870378735410472,8.29923959677386,18.713903768823457,3.6644692477016902,11.589951469911355,10.579540199336215,9.30840847594713,7.703516417688736,0.5425396777187341,14.995639017716368,12.248528486450713,4.092410251729037,10.50534392643295,7.6856462996963835,8.029893191732944,7.869503628382067,3.026224298159294,8.480562889037111,12.184373894854328,17.48140049965198,6.78504862056957,12.577855151197907,13.68792966502551,2.5912042173638827,10.49011585307249,6.736599077085879,8.248445051663829,0.6584100872870691,7.012736893122987,12.990399983214392,1.939926453703869,3.9487071285266886,6.528764911803975,4.127422186245161,7.040961082860144,0.0,4.268719084380186,8.391589462314194,1.4368609401216101,4.635035828345236,10.562367116220702,10.770733763213343,10.610159044134228,4.011172341430075,2.7432761673753,2.8138119083911164,10.997932954079065,8.357695780222642,4.957059497841945,6.411295190724923,11.811458615936306,2.8211737156627823,4.931227133208516,8.812649271938206,2.452622336642073
2022-09-08 07:44:00,3.1695550188698363,3.7318905133365283,4.462418823684376,7.044090599054243,1.9173543585225628,0.704631880771224,5.06127979732463,3.149175818387689,2.906509205883239,1.0872032529175897,0.16461681479569457,17.072297400598398,2.86186606052582,2.901330182616338,3.838715201773607,12.18396872821421,2.991061489111892,9.0066050009745,0.7392136307625794,3.2551528112175463,7.690218636846168,3.963190151587405,8.936875892142092,11.964833521960614,14.840831873582434,9.641749855215176,7.875275656984955,4.055033523170566,2.849130687757743,1.4607143449784807,0.0,1.5265697638433713,7.231074000022847,4.671597264882966,9.482640244050033,4.655032053918492,3.5426902652546084,3.91753437389369,8.459240908787386,3.7423951118465943,15.040515692076081,13.283857198627093,17.647059484810768,14.258307038233163,14.936683187885274,5.30142402052854,15.694320986420491,12.456575350528377,14.587444483731211,15.827529391198782,12.86723338498058,1.0156174222944674,12.089008182287444,1.3471054426827322,13.7210050663596,5.436712841009155,10.036616058966786,11.047600852263948,4.10657831937525,12.075443848468957,3.8225789721580785,6.284424083260686,6.867078540411701,3.2420530254744184,9.603277339027436,5.683683733778854,2.7069675323022278,9.68976991355688,5.857475843574089,8.748260838819732,8.766300785552007,5.9350104132582935,5.598579739426527,11.646570306989577,10.91647820532974,2.3397917403349906,15.29287387059766,14.66730732301528,7.980069996397969,1.8764773239137842,3.8782873524558332,2.5993428209165996,5.197123029092021
2022-09-08 08:44:00,5.510981393624423,6.747485853044599,7.766268044212054,9.591452101134223,3.809898272898467,1.2657196911323547,6.473658439482472,6.337986665224319,4.20969238759357,2.0738984308447,1.2440611296927724,18.95544827574359,4.310885733075615,7.1501194564303105,5.142647651274068,10.466350039020885,3.6101979008373792,8.687267282935332,1.852166035823922,2.133516286766957,7.0105684959026675,3.418499123963768,6.686218214171555,10.613690437902854,12.879691726290531,7.67504676608936,8.779725686981973,4.587255268078342,2.220160341518876,1.3226827825900642,0.0,2.4816500231701584,7.499798101014442,6.449167338840439,10.20572623149084,6.725934905640024,1.7011738592827044,3.694049700888632,8.421476167540188,3.0126995913371175,11.600685429627713,12.126524854515228,16.386008919472616,11.834986580655796,14.595500066229102,8.223583477985938,12.321707497257222,11.671323218169082,13.561930436556258,14.089825628379081,11.92964270235294,2.050728538562904,10.992677285171055,2.0805942340630192,10.64843076479809,5.871436271748248,7.819851053244301,8.601255612662777,4.67660624590539,10.102113919559303,2.092145516545603,5.304558892461211,9.417036965659772,4.758461599578491,8.331009680975054,5.473149008092741,1.6308148494501253,9.53048171907102,5.501636140241087,8.315575184232047,8.719095009950026,5.96637716103618,4.986734150973833,9.832976761352121,9.687732371596615,4.195319438051813,13.939725762840524,13.069362597645352,6.50856090239553,1.7561925574310333,6.219346765464184,0.8206205027738802,5.732835194138211
2022-09-10 05:50:00,0.0,0.2003256384090939,0.0,0.0,0.7554498327475683,0.19253164520327104,0.49260566768481784,0.7718464588078566,1.3123167195419931,0.3971468511670331,0.8624221661207141,12.015203557672622,0.5844017772206307,0.0,0.0,0.0,0.15377798915604446,10.97200753651965,0.0,1.1228528070469466,22.046478728570627,7.384492601319555,18.161781569020278,10.22101988755797,18.65383739286603,7.117413103805237,1.500123264441673,14.754265137515837,15.33450535727205,14.842221662501338,17.45156926957925,0.13389766297595784,11.277990331380742,1.5185673278381007,1.299111866524922,1.1732894545562917,13.350100765515652,12.297949065750627,8.570282318852914,8.88122098487408,18.39652762157081,10.04647700917823,4.69182804008052,13.72386788008739,4.205258872118263,7.693720936379335,11.345352521938205,11.246372039062859,8.74424048668757,15.132139791048758,16.309468305451468,4.595574436678103,1.0035180843775997,6.151835468594834,7.038469999212723,9.77672480361033,5.206232279707196,17.605553271943656,12.738211862228706,16.01815972631664,16.671678445172066,3.801984459709439,0.41728382637819594,5.717853434410386,10.861141181518501,12.131727848141205,16.423444697686442,11.27849827486834,10.078661146879178,10.923262288729768,10.491856994302951,3.290391440949416,10.996925816563525,11.024124219984255,19.815340211890245,6.83458992649303,1.7440263613030647,14.537328001112186,11.794048247035036,0.1701372281742426,5.267477966600155,13.64128356228365,9.911443759044287
2022-09-10 06:50:00,0.11286705894239724,0.600663674789911,0.07502889830219583,0.229020682880817,1.502973323604845,0.4424258314674834,0.8123614758947526,1.0870802921743756,2.8709805306969756,0.9322163177882512,1.3365697579852043,10.667754368854403,0.6547349845841,0.0,0.0,1.837554001249849,0.5618098426802469,8.78853815269418,0.06471532918270206,1.6919597748105417,19.775891378389783,6.787024220812605,16.741832339107646,10.16560918602647,18.547859177894573,6.313612024661466,1.9082296915872532,12.466769557943826,14.159476347459414,13.744031204711419,17.074242761426355,0.16853885431223858,10.87012718813797,2.2451688884683207,2.290482175531462,1.701647175535106,13.064166046402548,12.16303315213964,9.118248995741988,8.808845993598236,17.86999976881541,10.010758855511988,4.960913900828457,11.603688498180652,3.442548500707445,6.963194189011481,11.251822896862954,11.33440734234961,9.34874375328563,14.803596995650341,16.51543065227537,4.003203976729038,1.6789933222191418,6.213401781249837,6.6783096098389,9.540913835574433,4.6574796598597015,16.547488301565235,11.506693752979118,14.329021985878095,16.524686350957325,3.8225384489347167,0.7381980852028702,5.2974388807408594,11.368002560490234,12.109860395546164,15.229246436834838,11.249716392521613,9.958659193770744,10.844949542016122,10.324104781235883,3.6870832229130457,11.088689631217,11.527252774891053,19.2505578273851,6.679497635219149,1.6675344150370885,13.664415042577803,11.165458693198108,0.0,5.511692983792598,13.947035351574321,9.744092194944212
2022-09-12 09:32:00,14.390146206988435,6.184385130673508,16.606642783382576,14.244770767601917,13.165090568418902,6.3571428010118645,12.565566398249132,14.040933239462507,1.968720819062991,5.733447609219912,2.814105908573034,7.937029148356391,14.079184823585413,12.027925309100958,15.033069345952843,10.565060475885076,1.8756856115730622,5.92568279613349,11.317479809103975,0.0,2.185743546048096,6.096785013932385,10.550465495001925,14.124400093594236,16.97001363187032,2.4639815819060993,4.124342462243624,0.5942963476820031,1.2587504240562035,3.2492708255295444,12.537237180311195,6.821362890192498,11.357281543934187,7.116062918631666,13.56392656251414,6.991733310628121,0.4868115013296652,14.540100155594072,8.073319589753055,2.7192129216124723,7.095334022264573,0.0,3.2299061796403947,0.0,1.3880415514318987,7.682907012141002,0.0,7.322263604583365,3.8217130076631083,9.501397351811704,0.4338189865075517,4.206887276249332,3.663041849812527,13.306866728466563,1.753043423415913,10.858026090472798,12.668155900750637,0.0,3.4321419219487774,0.028044148706960925,0.0,1.1749389272498023,16.846252006516153,8.730946464933561,12.750775504879147,5.276940326921465,0.15327388360463523,1.169317534660557,4.153352669797896,15.350240858581813,7.221292860047988,8.037900133595087,0.6170122914822418,2.478409952653422,0.0,17.96976398970305,3.032821564273329,8.973150962310726,2.8342421602147674,2.021346415925416,8.684686713263389,0.0,13.296169960018446
2022-09-12 10:32:00,15.005948853721733,8.917442639739818,13.460195348757775,17.222576487804364,13.283325377823399,7.886904864737846,11.729617121720079,16.264145322464557,3.134371146060957,7.78823078538149,2.8036035339004544,7.2409553624933025,14.173444739508213,10.809457128161434,12.895632073048723,10.697244971712816,2.163896334810693,8.111201476405082,9.291822435051795,0.04391409053313389,5.935317855096743,6.5679933041578735,9.197641427552472,11.991389979859944,14.521549734103715,3.479394005756526,5.254422206149606,1.8180112774118191,0.5796703360389641,4.438222958349307,11.761282939864984,6.786313089339035,11.901892836609683,9.300214219043985,15.316482300111218,7.687347445100388,0.21400567597488251,13.219546807148204,7.986164199741927,2.399911695800549,6.426694236582638,0.0,2.672042130271917,0.0,2.222635231915559,7.059376741992325,0.0,7.566143933142435,4.661561816700955,8.196524146541341,0.5418233633441245,5.322473939719585,3.2835505879015576,13.148078836096046,2.1704810958803353,9.599247580423157,10.827476926809249,0.0,4.3739085291166715,0.8676945217309218,0.0,2.3796509001504758,16.061275097985188,10.902271957491436,11.456325932366484,4.601558962967597,0.4784834912506337,0.0,3.5963751923696137,14.946356255059158,7.342774434367168,8.01889555484717,0.0,1.2081517566751323,0.0,19.067907204867737,4.177283190335055,8.316183445624615,2.2917280754607807,1.9661071481237524,8.807377234689707,0.0,13.2225681471672
2022-09-17 18:25:00,5.760277948670634,10.290307172826537,3.555009631183731,6.467919725064527,17.660675980376595,6.328226453850421,2.396931378382128,5.766476342495923,12.350537400952758,9.598414004827914,12.203363641428599,15.952916912526456,1.0323256423971516,0.2711825861134862,6.587909587194139,2.127889869033024,3.8832127303870494,4.804633844290546,5.072289136702511,3.898434699891185,6.613321886196704,1.567393765701297,10.917928201562162,7.493351412626594,7.341449588070491,0.5690047466781794,3.285043707695732,6.0715443974011425,9.594933164767934,7.0980913965415,11.094500067234783,5.816192360862196,10.166769971801495,1.3451594964020757,7.581925957241959,9.44426331068405,5.057151575518938,10.144923787795797,8.257586292139312,12.827517315923913,13.38955165199448,8.412954105507534,15.170910673765471,8.562375344408117,1.4803398820846514,8.405159459751536,7.704400478128269,7.575956794532145,11.919340537582611,9.586173078675088,19.93957203785979,11.187074875444548,10.700530968066587,9.594341697707506,7.619499980541337,8.249276960375271,0.4903135109371304,10.313294749010952,3.820850163963155,6.118399527386541,0.8120306469574405,6.802462792482662,4.0897732407446865,0.2695301520875364,2.500694230909599,8.487702558771865,3.0153787213160417,8.754426920219487,13.712726464122362,16.75452040808128,16.0161488425921,8.16624557427786,4.527275307413045,9.955612513920704,7.1571154003210715,9.573195295902938,13.759770079091659,4.474428583916284,10.549890367456563,2.71244252958909,10.501895195210167,16.519423094967074,3.403679478806496
2022-09-17 19:25:00,6.287529758962968,10.730108659766358,4.172026652236156,10.163417292933005,16.857634935207084,7.22782612979376,3.1716320274833625,6.001542417151468,11.151624705672303,8.792926214419573,10.223454906104445,15.327749831402098,1.0285164735085033,0.035819595148797845,5.210338869048282,2.2317186188660045,3.275238362261047,4.286306622330049,4.380002736133978,4.091480257924008,6.5134582944584025,2.559120499574645,11.112939875077759,6.422274368892217,7.961884797471901,0.17200426893095466,3.6039026834327657,7.059991620087808,8.314943880681188,8.156234791828938,10.565825265323337,5.788575739334248,10.151629366941048,1.8892965107109054,7.0708623522837115,9.346486482179069,5.149609526808312,10.51046135059812,7.604796457974766,12.825911533251785,12.3586607399497,8.094927399712738,15.355363898943368,8.354877780806767,0.7958469539048938,8.385315188039025,8.151894088007158,7.842339627878217,11.91193845737504,9.54724961641158,19.518836805831295,10.298652125233527,10.567428580563808,9.191080376229191,5.9220993174364835,7.500010046657589,0.24272790395477317,9.312903281120148,4.6430523786998865,6.054536203099893,1.3632252454641538,5.717956510228846,4.235794121447012,1.2757323234899287,2.637047713123442,9.137624786934474,3.1751384961810665,9.190619152866105,13.547741259711424,16.7042825403861,16.17705497709165,8.327761253854536,4.585762442943732,10.260780555571483,7.506438012346894,8.906058887322612,12.698196839441035,4.776232131777141,10.573028854004455,3.3001393867995485,10.023631140988051,15.025498483939291,3.771283853338855
2022-09-20 23:43:00,0.0,0.0,0.0,0.0,9.10048647593188,8.124389430024367,0.0,0.0,10.27606807291522,8.707280197152881,2.375585717940739,3.036815081935104,2.4315921622560426,0.0,5.648385216098785,1.0098673634790405,1.2392008110304102,5.515306973733077,3.5269360961270033,14.0,23.0,4.523033327997741,18.458968864785632,6.661997444196038,21.0,11.30962006849018,0.5729591233492533,9.755338792526219,7.738153594597682,11.746643475628527,9.035174527001983,5.468184556209203,8.13394120046452,0.7071304398792151,0.0,6.056015698097446,12.620516069327563,16.90962676293395,6.442702550671974,13.235651221559184,20.0,13.199460402379042,5.061325224869191,9.771582405839382,7.642659293087933,11.237386051774708,14.313424233724522,13.753809331746272,19.459188376546113,20.0,9.170571431872226,8.480595538928462,5.1633445294314315,8.170826787599978,19.51499828971847,3.17297984093125,15.986177335143118,15.418758827434596,4.089156814633386,8.487266817193804,19.086822617490963,9.381015744563134,1.2547248990068558,6.80456057398416,7.542969607876041,1.9903817468557392,6.9207977379896155,9.648281269123927,7.787217711563138,14.102803714793186,11.943070332491155,3.169366142954778,6.02215473051056,16.72757403530925,1.0231897350391304,3.026354911690771,4.5628694415871,10.211883787832988,9.161575876399889,8.042833743848798,0.0,6.075663307904385,6.652998519383095
2022-09-21 00:40:00,0.0,0.0,0.0,0.0,6.642526913309513,6.545204845925911,0.0,0.0,8.931862092795313,7.722970569538527,3.2841206589809646,3.017653626625493,1.6158600906027125,0.3165493863860114,5.44125678050413,1.8436207045693855,0.7460533749183862,6.8962716523120084,2.812880364136049,13.506397449088562,22.50584866001911,5.166821001434192,17.812557359575727,7.224145414007884,21.0,10.864840378185761,0.6325227531208628,10.15912317099681,10.168854744406104,12.668038786910083,9.739954095588226,5.819954132666018,8.475652078563423,0.0,0.5556982967300623,5.568406501658064,12.884768847313659,16.60725171724664,6.819067383467453,13.17753139024851,19.81510417406444,13.328869588821792,6.135441415093557,10.129316958546132,8.05878269834068,11.360809192991603,15.206685773499432,13.123876190858866,18.691579541777145,20.0,10.214883550246988,9.468139377891067,6.411215173957206,7.468076452025093,18.990261524145623,4.146145442837797,16.146025665223682,15.28835570861261,5.0619130537068076,8.48395253238079,18.540391382594073,8.646539315366851,1.7735632149081155,6.092456972739104,7.925497644840187,2.0774350632133984,6.52158530880893,10.332928840452547,7.845684278399291,14.403121162175765,12.130149441443475,3.2086501868926676,6.628155794586047,16.2343514743064,2.240074242101171,2.998373178856922,6.843257377631496,11.508716151765618,9.138926390169404,8.164832130101967,0.40270608066451796,6.9346004785983695,7.045714789015752
2022-09-23 13:36:00,15.087478034345354,17.36255573608931,9.463841817599302,16.870239295219722,13.341617538199587,4.47231450262068,7.376310731299114,9.033227349697778,26.0,5.089296466531717,1.950841742564494,1.9114025131542076,15.259487188047956,9.139601407886545,9.384706149339964,11.599469605353622,4.870047983052733,10.8397533039689,1.6329958762995673,2.5844832223541268,3.9597053240893647,5.469826742917723,5.02525077117029,13.154227258505188,7.44661797932557,4.007644841300744,1.8765143456752316,13.41723470712386,1.4371057785072243,10.962877904928014,18.453610333411405,0.2823011937716733,3.31396203031304,6.29644948114831,3.0561305479388077,13.119160877554144,16.969779022628586,6.733808931021087,8.685626136470646,5.374755452815084,0.9617959222235468,11.15081633077255,10.179972476821549,3.1756294397684837,2.5373581514157824,1.822505537652967,5.345990221007009,11.698415126839507,6.925066546486407,9.961415140089844,8.565833067474857,6.9338418822986565,10.380314539299214,0.6824589214580286,3.922534420861341,4.493283504788753,7.025461951983846,5.59627159416598,1.0577803878404444,3.2561769644934895,5.523493209075459,7.124606981060958,7.118435911282757,15.652072642562038,0.1263167643195242,7.911719714005867,0.7102715652168481,13.253056649527332,16.4279510610305,5.566615750411428,12.690484747417694,8.05778210084619,5.166856598703033,2.0287007509468182,2.1395378421212516,9.165964130591934,1.408684794313137,6.9630992649952805,0.0,0.710550278447128,10.223869247778444,8.131750007972988,4.828192560979705
2022-09-23 14:36:00,12.155491673785217,15.476987969509107,7.406835708990633,14.334545590599912,12.221108683008673,3.7562573705590143,8.169524416193482,8.753405615839833,26.0,6.477082461228057,3.7098311660793835,2.045580003961949,12.194955401769672,9.180815458573889,6.983282837598054,9.093470822164253,4.002492221399577,9.987838932569534,2.4284151182341622,3.293904272439823,3.8483024374003882,5.236756489476084,6.129930240731293,12.22429125186392,7.437448870128135,5.503135447409074,1.06790773321053,12.200029400235964,2.1154506233684005,9.719595518921292,17.92736391839481,0.5590054980393275,3.242761663595857,6.53625798346167,4.549822533828873,13.593619323490245,16.24711673407978,7.191824184083442,8.188013732953578,5.795029114937899,1.7502293429852154,10.801636800993418,9.947617450553103,2.8105734106752376,2.5544287957427514,3.2757775565146874,5.822679572251437,11.167283038857057,6.777323000667414,9.906358876015808,9.250651607114694,7.162670869586125,10.108253666498694,1.6737405071840783,4.462066256952111,3.7619395625256993,7.404173350176691,6.286152527848609,1.1114051669138951,4.851124534523121,5.456698318532794,8.33821465341351,7.49534939763742,15.944362407172656,0.4632217561056251,7.594461705413867,1.349937139118273,12.716879238847458,16.240034018371837,5.900986744043774,12.467100989190515,7.822275028021532,5.505989922093371,2.8061618144188962,2.5801376696535563,9.390679955649613,2.57839367977956,7.461571054143644,0.0,0.9396429451038255,8.609537168842753,7.510689786482805,4.914307598461432
2022-09-26 07:09:00,1.9310151030880824,3.7143527316853793,6.468689534973479,7.71454479657301,12.210534904019132,5.9014649851785626,4.496950733288302,4.6990254680187755,0.9872992096058226,0.7348747933164947,2.1268254165868665,9.215390780363252,3.93940991574172,8.466296418660136,5.58600519930679,14.471587828662908,5.543817237063003,13.053870153130314,0.885013772555082,6.761926205798889,8.072250352055395,4.236579457512027,11.329395167120524,10.482629997011475,16.004791471780045,2.2964106164208613,9.085504110302194,3.6904256931386756,5.01631783077994,9.574481887508528,16.20304399900328,0.808264277039767,3.728640846564133,3.2009022535318508,4.415690709262281,3.8933323079474507,12.396741797360708,11.194468303497407,10.644772206510693,3.279189910363188,8.326450195643044,5.6911813336770996,10.895829864141335,0.0,11.486650142748344,12.016219308091616,12.003624435770716,9.721658924559529,11.620479388448292,9.632645209180717,9.944985514499368,7.710237701116225,13.977660121833456,4.246400817241478,5.287152735468048,2.6715936551636856,3.6891052607305004,4.868823686589865,10.389206336307641,13.395748091612077,4.993103718399537,0.0,6.618753777612139,10.427255300360548,12.739235159109498,14.576720910428243,7.821485671322142,9.1625950288988,13.207608374649537,9.948000345945818,9.453013078324538,13.544066356434946,5.296612331464635,12.973745231097181,6.8318429632845685,3.144807530301414,5.307504274551899,17.721958486172444,9.201501353273905,7.576988497011746,4.220116278120595,2.5237803688040223,7.329893485461526
2022-09-26 08:10:00,4.98393359761727,7.052620233951328,8.997222017539507,11.209370640093827,12.816972613530488,6.029905380312867,7.482255216257773,9.195389010378571,0.9465284875451019,1.8953755471396434,1.9481256705350818,12.60603636868484,7.303639353932318,13.119378470796711,7.986065918711368,14.672434098799577,5.4383503341023465,13.24130671347007,1.027780354732526,4.435109425430772,7.975259952169393,3.8355041419582534,9.51266559069347,9.129057921540479,12.050171566619625,0.45282325781047295,11.147491511710165,4.610426467756173,3.6822359247966276,5.813653679917481,14.424511544866295,2.051746535476239,3.795953567229665,5.455858647046784,6.114372522022387,6.33501391054592,9.845895999097948,10.400598607957082,9.7487941079972,1.1088505230290657,3.963441587040358,3.7921146685354152,9.556278163298124,0.0,11.182928321652424,14.173523899006316,6.93918787437025,8.23446816410453,9.883940055049433,7.598768238464725,8.291448935783157,8.816091127509438,12.42782607087085,5.027759286159746,2.0662028700620496,3.1181565947897076,2.1721236013425416,1.0792606048340794,10.930282906256647,10.110381486795362,1.6842947231071825,0.0,9.996504489721989,11.885979818865225,10.571434069212966,13.52124052501257,6.1458391884969075,8.667789021867845,12.15044921033486,9.58960692491361,9.252299718581977,13.263284324142562,4.291303151649581,10.399640037900319,4.558420375630933,6.073282330646092,5.293272477087198,16.401304737604136,6.933701926074441,7.291252390565722,7.874544804656136,0.532489389306563,7.905351666057196
2022-09-29 03:14:00,0.0,0.6969764408223846,0.053617945908839504,0.1860314913915273,4.658032625996221,0.8533548570832608,0.826721766284348,0.18736333325202192,14.046967629938962,6.730812667445507,4.780427597240171,4.542324889016654,8.272468200933641,11.129797890418285,13.328425786880675,1.9090024866032698,6.354421515106752,2.698911088761964,0.29597080900760986,6.679127555352061,11.276584883148903,4.152615927611537,16.10091409596522,4.972326557259436,13.247559939965148,13.484955524382324,7.3499884306801135,12.361440265297707,16.919141066705887,17.536285789214105,9.88725232634245,1.0938943230205607,15.387271977954743,8.717604267617043,10.419245531131546,0.5023613851634732,5.755398680553684,11.894047845957159,8.908415326403853,8.000262152750032,9.679292613242115,11.657164834705021,8.85899254182213,11.748396595348284,9.817205362909208,17.6087708843113,19.0,11.84402546750164,8.774506191126047,16.300678285901373,19.720134796345132,11.710723434816957,7.323245067492938,8.928068045117904,13.773805614125981,5.440409369973638,15.512885125899938,7.985314511755114,4.161480590306057,7.949297060575379,12.861861786141723,4.517497797111842,4.4923710413264475,7.03978511814319,13.635588970663239,7.902524585875707,0.659732608277487,11.324394002825658,7.6142323149088655,13.530638016254095,6.380194130905994,10.962088491230455,6.973197611166084,10.545800566877386,10.057817650629662,2.234793360637869,11.725914847682638,13.87507111823765,14.690376433607838,7.275972493189542,6.169994779670907,18.893075507126007,5.079948051926024
2022-09-29 04:10:00,0.0,0.9245958159073702,0.0,0.3572180621074348,4.634693125897406,0.9945606287543285,1.1640025844254995,0.49000828421094944,12.732213855921986,6.247228605804465,4.697955673390445,5.587736732883808,6.732607001549294,8.822389577847133,11.038538739262616,1.4817419509323493,5.164003331879369,4.4329586267467285,0.3734620877585417,6.6605955817740385,11.924731434399789,4.322102297279097,16.685291179649703,5.744045667119085,12.89740561092604,12.650478607727209,5.871364700678132,11.708453079415943,15.624204523323815,16.26231960149178,9.92132488296263,1.2901168264958816,15.237584644186601,8.42704233533794,9.97064036215053,0.8687501448165751,7.340632414386587,11.608915391803466,8.924116749095923,8.147528665688412,10.445740217237207,12.026672217687167,8.829376406494239,11.635183489542781,9.823138623803805,16.504939155596798,19.0,12.731257673501938,9.36441769121707,16.58951599623743,19.754975034362225,11.42825427351318,7.8000903896124605,8.118937538154576,13.456307205964976,5.6951098418101616,15.494973376761436,9.012833213700924,4.402789221691599,9.816515439072399,12.813365491269048,5.275327337587598,4.7730455136990875,6.659019399754226,13.239668610727689,7.9892713019471095,1.6058486977292095,11.342542467084511,7.946027817625554,13.068601182002581,6.727900736408108,10.908977928273208,6.93950722783751,11.205021011725897,10.008900980531871,2.4090122445632733,11.37743485482078,13.932525105656481,14.232235598587282,7.638490827635491,5.868318384912602,17.74246192046405,5.301568257353459
2022-10-01 19:27:00,18.10757491033555,16.962584631353838,13.194301583452809,12.262332965075565,7.735458774929187,5.83379822556676,8.476849556317367,14.781032635553089,19.630969032153512,4.330241388023734,2.5182249658528733,2.9047531994789724,1.8050254095950509,2.673464631401812,4.009955072287246,6.935382044482364,5.899386120067179,3.4812553003843716,4.12991961924074,1.1093586281730943,3.631900182490792,4.947971210921985,6.062865578386528,2.53675500113653,11.869615114377485,1.7635453950299813,2.097359239518946,1.3047589423367505,0.6597397859403067,4.063534211103359,23.309154699327465,3.9370258314394193,11.172265365658165,7.408002290423257,6.9246310685742465,14.8196112416939,10.542954657327996,8.286501777778579,13.169651816166363,3.7005779807611674,13.522365232345862,7.777860940275094,17.465332701684105,2.2591242517077657,4.058587954071972,3.2048919478905864,11.976683548791092,5.906239192202111,16.566321035050798,4.9312265414280745,15.610416028122888,11.550836860825342,0.30517512709827255,7.139250526484222,1.6378441863460127,7.440973123433829,6.769420607032457,0.0,6.630221337163581,3.919109340824905,8.509759722241975,9.229517579433317,16.230244327026806,10.325188592128994,15.867870804244125,6.526328606072322,0.0,9.0754096865612,12.338163551192189,8.049218808985819,4.995937037552268,11.142219411704776,6.775259064399021,17.110164438475522,3.1423987505292406,8.053370339050034,2.027552120885198,2.4247803311126503,19.269353848507,13.195758182730632,12.53014978756363,10.558023320454138,7.138356843081027
2022-10-01 20:27:00,17.539180042583705,15.782824447772114,11.91756593206896,12.753025396444656,9.762651848633528,6.462565487681092,7.841088173880204,13.02553954595726,15.889507482892947,3.3075912954141007,3.1694449397777342,2.3492995746956264,1.0629279518218278,4.462237564974153,4.169177091630344,7.456931657245779,7.6967581695817815,3.506357029996751,5.3549301522614305,1.7856190369527525,2.101489714053244,4.725780453389568,6.211846170518356,2.5073043885007196,11.273596888716856,3.8788714392258945,2.445538622390473,2.1995967156785117,2.499432243203142,6.26192178781802,23.602875727616876,3.6869836232146893,11.546573555046894,6.695362325370358,5.550550798138555,12.711318953245687,11.776000718520772,8.53775562420412,12.605963729916036,4.077361865010435,13.76197103315711,8.31277290755617,17.540317449676476,1.7674759199403827,3.618436545748632,2.9068251208843012,13.035303430271087,6.054292702624476,16.773052936496235,5.3313727343098805,15.512226362176198,11.278503874809982,1.1081064964771405,7.064757854011574,3.141565910421744,7.218325373723085,7.628489131345323,0.0,7.088561242450628,5.7090091049279685,9.04761185726699,8.831937799853527,15.098212243183486,9.50189495466205,16.069839538184464,5.877026901416012,0.9566536710621882,9.392789919381112,13.442017243242372,7.972491379872176,5.135124066784941,11.340029774266824,7.484743456855458,17.028964217168557,3.790995453404453,7.630085764359467,2.1516652421806794,4.897134141626042,19.86189298259558,12.972226955836044,12.06507210372171,10.673049985232382,7.281464283857977
